REGION,PROVINCE,MUNICIPALITY / CITY,NAME OF FACILITY,OWNERSHIP (PUBLIC / PRIVATE),TYPE OF TESTING,LICENSE VALIDITY
NCR,Metro Manila,Muntilupa City,Asian Hospital and Medical Center,PRIVATE,rRT PCR,01/01/22 - 12/31/22
NCR,Metro Manila,City of Manila,Chinese General Hospital,PRIVATE,rRT PCR,01/08/22 - 12/31/22
NCR,Metro Manila,Mandaluyong City,Detoxicare Molecular Diagnostics Laboratory,PRIVATE,rRT PCR,01/01/22 - 12/31/22
NCR,Metro Manila,Caloocan City,Dr. Jose N. Rodriguez Memorial Hospital and Sanitarium (Tala),PUBLIC,Cartridge - Based PCR,01/01/22 - 12/31/22
NCR,Metro Manila,Caloocan City,Dr. Jose N. Rodriguez Memorial Hospital and Sanitarium (Tala),PUBLIC,rRT PCR,01/01/22 - 12/31/22
NCR,Metro Manila,Quezon City,Lung Center of the Philippines (LCP),PUBLIC,rRT PCR,01/01/22 - 12/31/22
NCR,Metro Manila,Quezon City,Lung Center of the Philippines (GeneXpert),PUBLIC,Cartridge - Based PCR,01/01/22 - 12/31/22
NCR,Metro Manila,Makati City,Makati Medical Center,PRIVATE,rRT PCR,01/01/22 - 12/31/22
NCR,Metro Manila,Marikina City,Marikina Molecular Diagnostic laboratory,PUBLIC,rRT PCR,01/01/22 - 12/31/22
NCR,Metro Manila,Quezon City,Philippine Genome Center UP-Diliman (NHB),PUBLIC,rRT PCR,01/01/22 - 12/31/22
NCR,Metro Manila,Mandaluyong City,Philippine Red Cross - National Blood Center,PRIVATE,rRT PCR,01/01/22 - 12/31/22
NCR,Metro Manila,Mandaluyong City,Philippine Red Cross Logistics and Multipurpose Center,PRIVATE,rRT PCR,01/01/22 - 12/31/22
NCR,Metro Manila,City of Manila,Philippine Red Cross - Port Area,PRIVATE,rRT PCR,01/01/22 - 12/31/22
NCR,Metro Manila,Muntinlupa City,"Research Institute for Tropical Medicine, Inc. (RITM)",PUBLIC,rRT PCR,01/01/22 - 12/31/22
NCR,Metro Manila,City of Manila,San Lazaro Hospital (SLH),PUBLIC,rRT PCR,01/01/22 - 12/31/22
NCR,Metro Manila,Makati City,"Singapore Diagnostic, Inc.",PRIVATE,rRT PCR,01/01/22 - 12/31/22
NCR,Metro Manila,Taguig City,St. Luke's Medical Center - BGC (HB),PRIVATE,rRT PCR,01/01/22 - 12/31/22
NCR,Metro Manila,Taguig City,St. Luke's Medical Center - BGC (HB),PRIVATE,Cartridge - Based PCR,01/01/22 - 12/31/22
NCR,Metro Manila,Quezon City,St. Luke's Medical Center- QC,PRIVATE,rRT PCR,01/01/22 - 12/31/22
NCR,Metro Manila,Quezon City,St. Luke's Medical Center- QC,PRIVATE,Cartridge - Based PCR,01/01/22 - 12/31/22
NCR,Metro Manila,Pasig City,The Medical City - Ortigas,PRIVATE,rRT PCR,01/01/22 - 12/31/22
NCR,Metro Manila,Mandaluyong City,"Safeguard DNA Diagnostic, Inc.",PRIVATE,rRT PCR,01/01/22 - 12/31/22
NCR,Metro Manila,City of Manila,Tondo Medical Center (GeneXpert),PUBLIC,Cartridge - Based PCR,01/01/22 - 12/31/22
NCR,Metro Manila,Makati City,Tropical Disease Foundation. Inc.,PRIVATE,rRT PCR,01/01/22 - 12/31/22
NCR,Metro Manila,Quezon City,Hi-Precision Diagnostic Center (QC),PRIVATE,rRT PCR,01/01/22 - 12/31/22
NCR,Metro Manila,Mandaluyong City,San Miguel Foundation Testing Laboratory,PRIVATE,rRT PCR,01/01/22 - 12/31/22
NCR,Metro Manila,Quezon City,National Kidney and Transplant Institute (NKTI),PUBLIC,rRT PCR,01/01/22 - 12/31/22
NCR,Metro Manila,Quezon City,National Kidney and Transplant Institute (NKTI),PUBLIC,Cartridge - Based PCR,01/01/22 - 12/31/22
NCR,Metro Manila,Quezon City,Fe Del Mundo Medical Center,PRIVATE,rRT PCR,01/01/22 - 12/31/22
NCR,Metro Manila,Mandaluyong City,"Health Delivery Systems, Inc.",PRIVATE,rRT PCR,01/01/22 - 12/31/22
NCR,Metro Manila,Quezon City,Veterans Memorial Medical Center,PUBLIC,rRT PCR,01/01/22 - 12/31/22
NCR,Metro Manila,Quezon City,Philippine Heart Center,PUBLIC,Cartridge - Based PCR,01/01/22 - 12/31/22
NCR,Metro Manila,Quezon City,De Los Santos Medical Center,PRIVATE,rRT PCR,01/01/22 - 12/31/22
NCR,Metro Manila,Quezon City,Victoriano Luna Medical Center - (AFIRMS),PUBLIC,rRT PCR,01/01/22 - 12/31/22
NCR,Metro Manila,Quezon City,Philippine Children's Medical Center,PUBLIC,rRT PCR,01/01/22 - 12/31/22
NCR,Metro Manila,Las Pinas City,University of Perpetual Help Dalta Medical Center Inc.,PRIVATE,rRT PCR,01/01/22 - 12/31/22
NCR,Metro Manila,Makati City,AL Molecular Diagnostic Laboratory,PRIVATE,rRT PCR,01/01/22 - 12/31/22
NCR,Metro Manila,City of Manila,Amosup Seamen's Hospital,PRIVATE,Cartridge - Based PCR,01/01/22 - 12/31/22
NCR,Metro Manila,Valenzuela City,Valenzuela Hope Molecular Laboratory,PUBLIC,rRT PCR,01/01/22 - 12/31/22
NCR,Metro Manila,Pasig City,Pasig City Children's Hospital - Child's Hope,PUBLIC,rRT PCR,01/01/22 - 12/31/22
NCR,Metro Manila,Las Pinas City,Las Piñas General Hospital and Salellite Trauma Center,PUBLIC,rRT PCR,01/01/22 - 12/31/22
NCR,Metro Manila,Las Pinas City,Las Piñas General Hospital and Salellite Trauma Center,PUBLIC,Cartridge - Based PCR,01/01/22 - 12/31/22
NCR,Metro Manila,Makati City,Kaiser Medical Center Inc.,PRIVATE,rRT PCR,01/01/22 - 12/31/22
NCR,Metro Manila,Taguig City,Taguig City Molecular Laboratory,PUBLIC,rRT PCR,01/01/22 - 12/31/22
NCR,Metro Manila,City of Manila,First Aide Diagnostic Center,PRIVATE,rRT PCR,01/01/22 - 12/31/22
NCR,Metro Manila,Pasay City,The Lord's Grace Medical and Industrial Clinic,PRIVATE,rRT PCR,01/01/22 - 12/31/22
NCR,Metro Manila,City of Manila,Manila Doctors Hospital,PRIVATE,rRT PCR,01/01/22 - 12/31/22
NCR,Metro Manila,City of Manila,Sta. Ana Hospital,PUBLIC,rRT PCR,01/01/22 - 12/31/22
NCR,Metro Manila,City of Manila,Sta. Ana Hospital,PUBLIC,Cartridge - Based PCR,01/01/22 - 12/31/22
NCR,Metro Manila,Parañaque City,The Premier Molecular Diagnostics,PRIVATE,rRT PCR,01/01/22 - 12/31/22
NCR,Metro Manila,Taguig City,Army General Hospital Molecular Laboratory,PUBLIC,rRT PCR,01/01/22 - 12/31/22
NCR,Metro Manila,Quezon City,University of the East Ramon Magsaysay Memorial Medical Center (UERM),PRIVATE,rRT PCR,01/01/22 - 12/31/22
NCR,Metro Manila,Makati City,Health Metrics Inc.,PRIVATE,rRT PCR,01/01/22 - 12/31/22
NCR,Metro Manila,Makati City,IOM- Manila Health Centre Laboratory,PRIVATE,Cartridge - Based PCR,01/01/22 - 12/31/22
NCR,Metro Manila,Quezon City,PNP General Hospital,PUBLIC,rRT PCR,01/01/22 - 12/31/22
NCR,Metro Manila,Las Pinas City,QR Medical Laboratories Inc. (VitaCare),PRIVATE,rRT PCR,01/01/22 - 12/31/22
NCR,Metro Manila,Quezon City,Quezon City Molecular Diagnostics Laboratory,PUBLIC,rRT PCR,01/01/22 - 12/31/22
NCR,Metro Manila,Parañaque City,South Super Highway Molecular Diagnostic Laboratory,PRIVATE,rRT PCR,01/01/22 - 12/31/22
NCR,Metro Manila,Marikina City,Manila Healthtek Inc.,PRIVATE,rRT PCR,01/01/22 - 12/31/22
NCR,Metro Manila,Quezon City,Biopath Clinical Diagnostics Inc. (E. Rodriguez),PRIVATE,rRT PCR,01/01/22 - 12/31/22
NCR,Metro Manila,Quezon City,Biopath Clinical Diagnostics Inc. (E. Rodriguez),PRIVATE,Cartridge - Based PCR,01/01/22 - 12/31/22
NCR,Metro Manila,Pasig City,Rizal Medical Center,PUBLIC,Cartridge - Based PCR,01/01/22 - 12/31/22
NCR,Metro Manila,Quezon City,Kairos Diagnostics Laboratory,PRIVATE,rRT PCR,01/01/22 - 12/31/22
NCR,Metro Manila,City of Manila,Philippine General Hospital (PGH),PUBLIC,Cartridge - Based PCR,01/01/22 - 12/31/22
NCR,Metro Manila,City of Manila,Manila Diagnostic Center for OFW Inc.,PRIVATE,rRT PCR,01/01/22 - 12/31/22
NCR,Metro Manila,Parañaque City,"Interpharma Solutions Philippines, Inc.",PRIVATE,rRT PCR,01/01/22 - 12/31/22
NCR,Metro Manila,City of Manila,El Roi Medical Clinic & Diagnostic Center Inc.,PRIVATE,rRT PCR,01/01/22 - 12/31/22
NCR,Metro Manila,Marikina City,Amang Rodriguez Memorial Medical Center,PUBLIC,rRT PCR,01/01/22 - 12/31/22
NCR,Metro Manila,Marikina City,Amang Rodriguez Memorial Medical Center,PUBLIC,Cartridge - Based PCR,01/01/22 - 12/31/22
NCR,Metro Manila,Quezon City,Hero Laboratories,PRIVATE,rRT PCR,01/01/22 - 12/31/22
NCR,Metro Manila,Taguig City,Lifecore Bio Integrative Inc.,PRIVATE,rRT PCR,01/01/22 - 12/31/22
NCR,Metro Manila,Muntinlupa City,Ospital ng Muntinlupa,PUBLIC,rRT PCR,01/01/22 - 12/31/22
NCR,Metro Manila,City of Manila,"Supercare Medical Services, Inc.",PRIVATE,rRT PCR,01/01/22 - 12/31/22
NCR,Metro Manila,Pasay City,JT Cenica Medical Health System,PRIVATE,rRT PCR,01/01/22 - 12/31/22
NCR,Metro Manila,Quezon City,New World Diagnostics Inc. Premium Medical Branch,PRIVATE,rRT PCR,01/01/22 - 12/31/22
NCR,Metro Manila,Las Piñas City,A Star Laboratories,PRIVATE,rRT PCR,01/01/22 - 12/31/22
NCR,Metro Manila,Quezon City,Philippine National Police Crime Laboratory (PNP Crime Lab.),PUBLIC,rRT PCR,01/01/22 - 12/31/22
NCR,Metro Manila,San Juan City,Cardinal Santos Medical Center,PRIVATE,rRT PCR,01/01/22 - 12/31/22
NCR,Metro Manila,Quezon City,University of the Philippines - PGH-MRL,PUBLIC,rRT PCR,01/01/22 - 12/31/22
NCR,Metro Manila,Pasay City,Philippine Airport Diagnostic Laboratory,PRIVATE,rRT PCR,01/01/22 - 12/31/22
NCR,Metro Manila,City of Manila,"Ermita Molecular Diagnostic Laboratory, Inc.",PRIVATE,rRT PCR,01/01/22 - 12/31/22
NCR,Metro Manila,City of Manila,Intramuros Molecular Laboratory Inc.,PRIVATE,rRT PCR,01/01/22 - 12/31/22
NCR,Metro Manila,City of Manila,"Olayn Medical Laboratory, Inc",PRIVATE,rRT PCR,01/01/22 - 12/31/22
NCR,Metro Manila,Caloocan City,Caloocan City North Medical Center,PUBLIC,rRT PCR,01/01/22 - 12/31/22
NCR,Metro Manila,Makati City,PCR MED Molecular Laboratory,PRIVATE,rRT PCR,01/01/22 - 12/31/22
NCR,Metro Manila,City of Manila,Jose R. Reyes Memorial Medical Center,PUBLIC,Cartridge - Based PCR,01/01/22 - 12/31/22
NCR,Metro Manila,Mandaluyong City,Healthway Medical,PRIVATE,rRT PCR,01/01/22 - 12/31/22
NCR,Metro Manila,Quezon City,Victoriano Luna Medical Center - (AFIRMS),PUBLIC,Cartridge - Based PCR,01/01/22 - 12/31/22
NCR,Metro Manila,Quezon City,"F.Y. Manalo Medical Foundation, Inc",PRIVATE,rRT PCR,01/01/22 - 12/31/22
NCR,Metro Manila,Parañaque City,Ospital ng Parañaque District II,PUBLIC,rRT PCR,01/01/22 - 12/31/22
NCR,Metro Manila,Pasig City,The Medical City - Ortigas,PRIVATE,Cartridge - Based PCR,01/01/22 - 12/31/22
NCR,Metro Manila,Pasay City,Marilao Medical and Diagnostic Clinic,PRIVATE,rRT PCR,01/01/22 - 12/31/22
NCR,Metro Manila,Makati City,Al Molecular Diagnostic Laboratory,PRIVATE,Cartridge - Based PCR,01/01/22 - 12/31/22
NCR,Metro Manila,City of Manila,Chinese General Hospital,PRIVATE,Cartridge - Based PCR,01/08/22 - 12/31/22
NCR,Metro Manila,City of Manila,"Olayn Medical Laboratory, Inc",PRIVATE,Cartridge - Based PCR,01/01/22 - 12/31/22
NCR,Metro Manila,City of Manila,Philippine Medical Diagnostics and Laboratory Center Corporation (PhilMed),PRIVATE,rRT PCR,01/01/22 - 12/31/22
NCR,Metro Manila,City of Manila,PSG Station Hospital Molecular Laboratory,PUBLIC,rRT PCR,01/01/22 - 12/31/22
NCR,Metro Manila,Quezon City,Ateneo Molecular Pathology Laboratory,PRIVATE,rRT PCR,01/01/22 - 12/31/22
NCR,Metro Manila,Pasig City,New World Diagnostics Inc. Premium Medical Branch,PRIVATE,Cartridge - Based PCR,01/01/22 - 12/31/22
NCR,Metro Manila,Quezon City,Quirino Memorial Medical Center,PUBLIC,rRT PCR,01/01/22 - 12/31/22
NCR,Metro Manila,Pasay City,Heartland Medical and Diagnostic Center,PRIVATE,rRT PCR,01/01/22 - 12/31/22
NCR,Metro Manila,City of Manila,Truhealth Diagnostics Center,PRIVATE,rRT PCR,01/01/22 - 12/31/22
NCR,Metro Manila,Quezon City,Metro North Medical Center and Hospital Inc.,PRIVATE,rRT PCR,01/01/22 - 12/31/22
NCR,Metro Manila,San Juan City,Cardinal Santos Medical Center,PRIVATE,Cartridge - Based PCR,01/01/22 - 12/31/22
NCR,Metro Manila,Valenzuela City,Allied Care Expert - Valenzuela,PRIVATE,rRT PCR,01/01/22 - 12/31/22
NCR,Metro Manila,Marikina City,Marikina Valley Medical Center,PRIVATE,rRT PCR,01/01/22 - 12/31/22
NCR,Metro Manila,Taguig City,"Medical Center of Taguig City, Inc.",PRIVATE,rRT PCR,01/01/22 - 12/31/22
NCR,Metro Manila,Parañaque City,"Medical Center Paranaque, Inc.",PRIVATE,rRT PCR,01/01/22 - 12/31/22
NCR,Metro Manila,Quezon City,Best Diagnostic Corporation,PRIVATE,rRT PCR,01/01/22 - 12/31/22
NCR,Metro Manila,Quezon City,Hi-Precision Diagnostic Center,PRIVATE,Cartridge - Based PCR,01/01/22 - 12/31/22
NCR,Metro Manila,Quezon City,Kairos Diagnostics Laboratory,PRIVATE,Cartridge - Based PCR,01/01/22 - 12/31/22
NCR,Metro Manila,Pasay City,Philippine Airport Diagnostic Laboratory,PRIVATE,Cartridge - Based PCR,01/01/22 - 12/31/22
NCR,Metro Manila,Quezon City,National Childrens Hospital,PUBLIC,Cartridge - Based PCR,01/01/22 - 12/31/22
NCR,Metro Manila,City of Manila,El Roi Medical Clinic & Diagnostic Center Inc.,PRIVATE,Cartridge - Based PCR,01/01/22 - 12/31/22
NCR,Metro Manila,Quezon City,Be Safe MD. Inc,PRIVATE,rRT PCR,01/01/22 - 12/31/22
NCR,Metro Manila,City of Manila,"Medical Center Manila, Inc",PRIVATE,Cartridge - Based PCR,01/01/22 - 12/31/22
NCR,Metro Manila,City of Manila,Dr. Jose Fabella Memorial Hospital,PUBLIC,Cartridge - Based PCR,01/01/22 - 12/31/22
NCR,Metro Manila,City of Manila,Dr. Jose Fabella Memorial Hospital,PUBLIC,rRT PCR,01/01/22 - 12/31/22
NCR,Metro Manila,Mandaluyong City,Detoxicare Molecular Diagnostics Laboratory,PRIVATE,rRT PCR,01/01/22 - 12/31/22
NCR,Metro Manila,Mandaluyong City,Detoxicare Molecular Diagnostics Laboratory,PRIVATE,Cartridge - Based PCR,01/01/22 - 12/31/22
NCR,Metro Manila,Quezon City,East Avenue Medical Center,PUBLIC,rRT PCR,01/01/22 - 12/31/22
NCR,Metro Manila,Parañaque City,"Medical Center of Paranaque, Inc.",PRIVATE,Cartridge - Based PCR,01/01/22 - 12/31/22
NCR,Metro Manila,City of Manila,Bureau of Quarantine,PUBLIC,Cartridge - Based PCR,01/01/22 - 12/31/22
NCR,Metro Manila,City of Manila,Allied Medical and Molecular Laboratory Corp.,PRIVATE,rRT PCR,01/01/22 - 12/31/22
NCR,Metro Manila,City of Manila,South Super Highway Biomedical Laboratories Inc.,PRIVATE,rRT PCR,12/31/22
NCR,Metro Manila,City of Manila,AC Molecular Diagnostic Laboratory,PRIVATE,rRT PCR,02/16/22 - 12/31/22
NCR,Metro Manila,Parañaque City,Kairos Diagnostics Laboratory,PRIVATE,rRT PCR,01/01/22 - 12/31/22
NCR,Metro Manila,Quezon City,Be Safe MD. Inc,PRIVATE,Cartridge - Based PCR,12/31/22
Region 1,La Union,San Fernando City,Ilocos Training and Regional Medical Center,PUBLIC,rRT PCR,01/01/22 - 12/31/22
Region 1,La Union,San Fernando City,Ilocos Training and Regional Medical Center,PUBLIC,Cartridge - Based PCR,01/01/22 - 12/31/22
Region 1,Pangasinan,Dagupan City,Region 1 Medical Center,PUBLIC,Cartridge - Based PCR,01/01/22 - 12/31/22
Region 1,Pangasinan,Dagupan City,"Dagupan Doctors Villaflor Memorial Hospital, Inc.",PRIVATE,rRT PCR,01/01/22 - 12/31/22
Region 1,Ilocos Norte,Batac City,Mariano Marcos Memorial Hospital Medical Center,PUBLIC,rRT PCR,01/01/22 - 12/31/22
Region 1,Ilocos Norte,Batac City,Mariano Marcos Memorial Hospital Medical Center,PUBLIC,Cartridge - Based PCR,01/01/22 - 12/31/22
Region 1,Pangasinan,San Carlos City,Pangasinan Molecular Diagnostic Laboratory,PUBLIC,rRT PCR,01/01/22 - 12/31/22
Region 1,Pangasinan,Dagupan City,Region 1 Medical Center,PUBLIC,rRT PCR,01/01/22 - 12/31/22
Region 1,Pangasinan,Municipality of Villasis,Metro Pangasinan Molecular Laboratory,PRIVATE,rRT PCR,01/01/22 - 12/31/22
Region 1,Pangasinan,Municipality of Tayug,Tayug Family Hospital,PRIVATE,rRT PCR,01/01/22 - 12/31/22
Region 1,Pangasinan,Dagupan City,Marilao Medical and Diagnostic Clinic,PRIVATE,rRT PCR,01/01/22 - 12/31/22
Region 1,La Union,San Fernando City,Lorma Medical Center,PRIVATE,rRT PCR,01/10/22 - 12/31/22
Region 1,La Union,San Fernando City,Lorma Medical Center,PRIVATE,Cartridge - Based PCR,03/07/22 - 12/31/22
Region 1,Ilocos Sur,Vigan City,Ilocos Sur Provincial Hospital Gabriela Silang,PUBLIC,rRT PCR,12/31/22
Region 2,Cagayan,Tuguegarao City,Cagayan Valley CHD TB Reference Laboratory ( GeneXpert),PUBLIC,Cartridge - Based PCR,01/01/22 - 12/31/22
Region 2,Cagayan,Tuguegarao City,Cagayan Valley Medical Center Molecular Laboratory,PUBLIC,rRT PCR,01/01/22 - 12/31/22
Region 2,Isabela,Santiago City,Southern Isabela Medical Center Molecular Diagnostic & Research Laboratory (SIMC - MDRL),PUBLIC,rRT PCR,01/01/22 - 12/31/22
Region 2,Isabela,Ilagan City,San Antonio City of Ilagan Hospital,PUBLIC,rRT PCR,01/01/22 - 12/31/22
Region 2,Isabela,Ilagan City,Philippine Red Cross Isabela Molecular Laboratory,PRIVATE,rRT PCR,01/01/22 - 12/31/22
Region 3,Pampanga,San Fernando City,Jose B. Lingad Memorial General Hospital,PUBLIC,rRT PCR,01/01/22 - 12/31/22
Region 3,Bataan,Balanga City,Bataan General Hospital and Medical Center,PUBLIC,rRT PCR,01/01/22 - 12/31/22
Region 3,Bataan,Balanga City,Bataan General Hospital and Medical Center,PUBLIC,Cartridge - Based PCR,01/01/22 - 12/31/22
Region 3,Pampanga,San Fernando City,Green City Medical Center,PRIVATE,rRT PCR,01/01/22 - 12/31/22
Region 3,Zambales,Municipality Subic,Philippine Red Cross - Logistics and Training Center,PRIVATE,rRT PCR,01/01/22 - 12/31/22
Region 3,Pampanga,Mabalacat City,Philippine Red Cross - Clark Molecular Laboratory,PRIVATE,rRT PCR,01/01/22 - 12/31/22
Region 3,Bulacan,San Jose Del Monte City,Qualimed Hospital - San Jose Del Monte,PRIVATE,rRT PCR,01/01/22 - 12/31/22
Region 3,Bulacan,Malolos City,Bulacan Medical Center,PUBLIC,rRT PCR,01/01/22 - 12/31/22
Region 3,Bulacan,Malolos City,Bulacan Medical Center (GeneXpert),PUBLIC,Cartridge - Based PCR,01/01/22 - 12/31/22
Region 3,Tarlac,Tarlac City,Central Luzon Doctor's Hospital Inc.,PRIVATE,Cartridge - Based PCR,01/01/22 - 12/31/22
Region 3,Bulacan,Municipality of Bucaue,Marilao Medical and Diagnostic Clinic,PRIVATE,rRT PCR,01/01/22 - 12/31/22
Region 3,Bulacan,Malolos City,Graman Medical & Maternity Hospital Inc Molecular Laboratory,PRIVATE,rRT PCR,01/01/22 - 12/31/22
Region 3,Tarlac,Tarlac City,Tarlac Provincial Hospital,PUBLIC,rRT PCR,01/01/22 - 12/31/22
Region 3,Tarlac,Tarlac City,Tarlac Provincial Hospital - Molecular Pathology Laboratory,PUBLIC,Cartridge - Based PCR,01/01/22 - 12/31/22
Region 3,Pampanga,San Fernando City,Our Lady of Mt. Carmel Medical Center Molecular Laboratory,PRIVATE,rRT PCR,01/01/22 - 12/31/22
Region 3,Zambales,Municipality of Iba,President Ramon Magsaysay Memorial Hospital,PUBLIC,Cartridge - Based PCR,01/01/22 - 12/31/22
Region 3,Pampanga,San Fernando City,Jose B. Lingad Memorial Hospital,PUBLIC,Cartridge - Based PCR,01/01/22 - 12/31/22
Region 3,Pampanga,Mabalacat City,The Medical City Clark Inc.,PRIVATE,rRT PCR,01/01/22 - 12/31/22
Region 3,Bataan,Municipality of Mariveles,Mariveles District Hospital,PUBLIC,rRT PCR,01/01/22 - 12/31/22
Region 3,Bulacan,Municipality of Sta. Maria,Multi-Lifecare Foundation Molecular Laboratory,PRIVATE,rRT PCR,01/01/22 - 12/31/22
Region 3,Bataan,Municipality of Mariveles,Mariveles District Hospital,PUBLIC,Cartridge - Based PCR,01/01/22 - 12/31/22
Region 3,Nueva Ecija,Cabanatuan City,Dr. Paulino J. Garcia Memorial Research and Medical Center,PUBLIC,rRT PCR,01/01/22 - 12/31/22
Region 3,Bulacan,San Jose Del Monte City,Skyline Hospital and Medical Center,PRIVATE,Cartridge - Based PCR,01/01/22 - 12/31/22
Region 3,Zambales,Olongapo City,Olongapo City Molecular Diagnostic Laboratory,PUBLIC,rRT PCR,01/01/22 - 12/31/22
Region 3,Pampanga,Municipality of Guagua,Pampanga Medical Specialist Hospital,PRIVATE,Cartridge - Based PCR,01/01/22 - 12/31/22
Region 3,Pampanga,San Fernando City,Mother Teresa of Calcutta Medical Center,PRIVATE,rRT PCR,01/07/22 - 12/31/22
Region 3,Pampanga,San Fernando City,Mother Teresa of Calcutta Medical Center,PRIVATE,Cartridge - Based PCR,01/07/22 - 12/31/22
Region 3,Pampanga,Municipality of Guagua,Pampanga Molecular Laboratory,PRIVATE,rRT PCR,12/31/22
Region 3,Pampanga,Municipality of Apalit,Pampanga Premier Medical Center,PRIVATE,Cartridge - Based PCR,02/15/22 - 12/31/22
Region 3,Nueva Ecija,Cabanatuan City,Cabanatuan City M.V. Gallego General Hospital,PUBLIC,rRT PCR,12/31/22
Region 3,Bulacan,Malolos City,Graman Medical & Maternity Hospital Inc Molecular Laboratory,PRIVATE,Cartridge - Based PCR,12/31/22
Region 3,Nueva Ecija,Cabanatuan City,Next Gen PCR Diagnostic Laboratory,PRIVATE,rRT PCR,12/31/22
Region 4A,Quezon,Lucena City,Lucena United Doctors Hospital and Medical Center,PRIVATE,rRT PCR,01/01/22 - 12/31/22
Region 4A,Cavite,Imus City,City of Imus Molecular Laboratory,PUBLIC,rRT PCR,01/01/22 - 12/31/22
Region 4A,Laguna,Sta. Rosa City,Qualimed Hospital Sta. Rosa,PRIVATE,rRT PCR,01/01/22 - 12/31/22
Region 4A,Laguna,San Pablo City,Laguna Provincial Hospital - San Pablo District Hospital,PUBLIC,rRT PCR,01/01/22 - 12/31/22
Region 4A,Laguna,Municipality of Los Baños,UPLB Covid-19 Molecular Diagnostic Laboratory,PUBLIC,rRT PCR,01/01/22 - 12/31/22
Region 4A,Batangas,Batangas City,Philippine Red Cross- Batangas Chapter Molecular Laboratory,PRIVATE,rRT PCR,01/01/22 - 12/31/22
Region 4A,Batangas,Lipa City,Mary Mediatrix Medical Center,PRIVATE,rRT PCR,01/01/22 - 12/31/22
Region 4A,Batangas,Tanauan City,Daniel O. Mercado Medical Center,PRIVATE,rRT PCR,01/01/22 - 12/31/22
Region 4A,Laguna,San Pablo City,San Pablo Colleges Medical Center,PRIVATE,rRT PCR,01/01/22 - 12/31/22
Region 4A,Laguna,Calamba City,Calamba Medical Center,PRIVATE,rRT PCR,01/01/22 - 12/31/22
Region 4A,Quezon,Municipality of Gumaca,"Rakkk Prophet Medical Center, Inc.",PRIVATE,Cartridge - Based PCR,01/01/22 - 12/31/22
Region 4A,Batangas,Batangas City,Batangas Medical Center,PUBLIC,rRT PCR,01/01/22 - 12/31/22
Region 4A,Batangas,Batangas City,Batangas Medical Center,PUBLIC,Cartridge - Based PCR,01/01/22 - 12/31/22
Region 4A,Laguna,Municipality of Sta. Cruz,"Laguna Holy Family Hospital, Inc.",PRIVATE,rRT PCR,01/01/22 - 12/31/22
Region 4A,Rizal,Antipolo City,Fatima University Medical Center Antipolo Corp.,PRIVATE,rRT PCR,01/01/22 - 12/31/22
Region 4A,Cavite,Dasmariñas City,De La Salle Medical and Health Sciences Institute,PRIVATE,rRT PCR,01/01/22 - 12/31/22
Region 4A,Cavite,Municipality of Kawit,Stark Molecular Laboratory Inc.,PRIVATE,rRT PCR,01/01/22 - 12/31/22
Region 4A,Laguna,"City of Sta, Rosa",Sta. Rosa CHO,PUBLIC,Cartridge - Based PCR,01/01/22 - 12/31/22
Region 4A,Batangas,Municipality of Mabini,Mabini Community Hospital,PUBLIC,Cartridge - Based PCR,01/01/22 - 12/31/22
Region 4A,Cavite,General Trias City,GentriMed Molecular Laboratory,PRIVATE,rRT PCR,01/01/22 - 12/31/22
Region 4A,Laguna,Cabuyao City,"Laguna Holy Family Hospital, Inc - Satellite Molecular Laboratory",PRIVATE,rRT PCR,01/01/22 - 12/31/22
Region 4A,Rizal,Antipolo City,Soriano-Leyble Medical and Maternity Hospital,PRIVATE,rRT PCR,01/01/22 - 12/31/22
Region 4A,Rizal,Antipolo City,Antipolo City Molecular Laboratory,PUBLIC,rRT PCR,01/01/22 - 12/31/22
Region 4A,Batangas,Lipa City,Ospital ng Lipa,PUBLIC,rRT PCR,01/01/22 - 12/31/22
Region 4A,Laguna,Cabuyao City,"First Cabuyao Hospital and Medical Center, Inc.",PRIVATE,Cartridge - Based PCR,01/01/22 - 12/31/22
Region 4A,Cavite,Dasmarinas City,City of Dasmarinas Molecular Diagnostic Laboratory,PUBLIC,rRT PCR,01/01/22 - 12/31/22
Region 4A,Quezon,Municipality of Mauban,Mauban Municipal Health Office Molecular Laboratory,PUBLIC,rRT PCR,01/01/22 - 12/31/22
Region 4A,Laguna,Sta. Rosa City,The Medical City South Luzon,PRIVATE,rRT PCR,01/01/22 - 12/31/22
Region 4A,Rizal,Municipality of Cainta,Breeze Medical Services,PRIVATE,rRT PCR,01/01/22 - 12/31/22
Region 4A,Batangas,Lipa City,Lipa Medix Medical Center,PRIVATE,Cartridge - Based PCR,01/01/22 - 12/31/22
Region 4A,Cavite,Bacoor City,"St. Dominic Medical Center, Inc.",PRIVATE,rRT PCR,12/31/22
Region 4A,Laguna,City of Biñan,UPH - Dr. Jose G. Tamayo Medical Center,PRIVATE,Cartridge - Based PCR,01/07/22 - 12/31/22
Region 4A,Quezon,Lucena City,Mount Carmel Diocesan General Hospital,PRIVATE,rRT PCR,12/31/22
Region 4A,Laguna,City of Biñan,RTSD - Biñan Molecular Diagnostic Laboratory,PRIVATE,Cartridge - Based PCR,12/31/22
Region 4B,Palawan,Puerto Princesa City,Ospital ng Palawan,PUBLIC,Cartridge - Based PCR,01/01/22 - 12/31/22
Region 4B,Oriental Mindoro,Calapan City,Oriental Mindoro Provincial Hospital,PUBLIC,Cartridge - Based PCR,01/01/22 - 12/31/22
Region 4B,Palawan,Municipality of Culion,Culion Sanitarium and General Hospital,PUBLIC,Cartridge - Based PCR,01/01/22 - 12/31/22
Region 4B,Oriental Mindoro,Municipality of Puerto Galera,"Puerto Galera Molecular Laboratory (Formerly Best Care Medical Clinic & Diagnostic Center, Inc.)",PUBLIC,Cartridge - Based PCR,01/01/22 - 12/31/22
Region 4B,Occidental Mindoro,Municipality of Mamburao,Occidental Mindoro Provincial Hospital,PUBLIC,Cartridge - Based PCR,01/01/22 - 12/31/22
Region 4B,Palawan,Puerto Princesa City,Puerto Princesa City Molecular Laboratory,PUBLIC,rRT PCR,01/01/22 - 12/31/22
Region 4B,Palawan,Puerto Princesa City,PHO - Molecular Biology Laboratory,PUBLIC,rRT PCR,01/01/22 - 12/31/22
Region 4B,Marinduque,Municipality of Boac,Marinduque Provincial Hospital,PUBLIC,Cartridge - Based PCR,12/31/22
Region 4B,Oriental Mindoro,Calapan City,Maria Estella General Hospital,PRIVATE,Cartridge - Based PCR,12/31/22
Region 5,Albay,Legazpi City,Bicol Regional Diagnostic and Reference Laboratory,PUBLIC,rRT PCR,01/01/22 - 12/31/22
Region 5,Camarines Sur,Naga City,Bicol Medical Center,PUBLIC,Cartridge - Based PCR,01/01/22 - 12/31/22
Region 5,Sorsogon,Sorsogon City,Metro Health Specialist Hospital,PRIVATE,rRT PCR,01/01/22 - 12/31/22
Region 5,Camarines Sur,Municipality of Cabusao,Bicol Region General Hospital and Geriatric Medical Center,PUBLIC,rRT PCR,01/01/22 - 12/31/22
Region 5,Camarines Sur,Naga City,Naga City Hospital Molecular Laboratory,PUBLIC,rRT PCR,01/01/22 - 12/31/22
Region 5,Camarines Sur,Naga City,Bicol Medical Center,PUBLIC,rRT PCR,01/01/22 - 12/31/22
Region 5,Albay,Legazpi City,BRTTH Covid-19 Testing Laboratoy,PUBLIC,rRT PCR,12/31/22
Region 5,Camarines Sur,Municipality of Bula,Camsur Diagnostic Laboratory,PUBLIC,rRT PCR,12/31/22
Region 5,Sorsogon,Sorsogon City,Sorsogon Medical Mission Group Hospital and Health Services Cooperative,PRIVATE,rRT PCR,12/31/22
Region 5,Camarines Sur,Municipality of Libmana,JTRBicol Molecular Diagnostic Laboratory,PRIVATE,Cartridge - Based PCR,02/16/22 - 12/31/22
Region 6,Iloilo,Iloilo City,Western Visayas Medical Center (WVMC),PUBLIC,rRT PCR,01/01/22 - 12/31/22
Region 6,Negros Occidental,Silay City,Teresita Jalandoni Provincial Hospital,PUBLIC,rRT PCR,01/01/22 - 12/31/22
Region 6,Iloilo,Iloilo City,Qualimed Health Network - Iloilo,PRIVATE,rRT PCR,01/01/22 - 12/31/22
Region 6,Negros Occidental,Bacolod City,Corazon Locsin Montelibano Memorial Regional Hospital,PUBLIC,rRT PCR,01/01/22 - 12/31/22
Region 6,Negros Occidental,Bacolod City,Bacolod Queen of Mercy Hospital,PRIVATE,rRT PCR,01/01/22 - 12/31/22
Region 6,Negros Occidental,Bacolod City,"The Doctors Hospital, Inc.",PRIVATE,rRT PCR,01/01/22 - 12/31/22
Region 6,Negros Occidental,Bacolod City,PRC - Negros Occidental Molecular Laboratory,PRIVATE,rRT PCR,01/01/22 - 12/31/22
Region 6,Aklan,Municipality of Kalibo,Dr. Rafael S. Tumbokon Memorial Hospital,PUBLIC,rRT PCR,01/01/22 - 12/31/22
Region 6,Iloilo,Iloilo City,Metro Iloilo Hospital and Medical Center,PRIVATE,rRT PCR,01/01/22 - 12/31/22
Region 6,Capiz,Roxas City,Roxas City Diagnostic and Laboratory Center,PUBLIC,rRT PCR,01/01/22 - 12/31/22
Region 6,Iloilo,Iloilo City,Uswag Iloilo City Molecular Laboratory,PUBLIC,rRT PCR,01/01/22 - 12/31/22
Region 6,Capiz,Roxas City,Roxas Memorial Provincial Hospital Molecular Laboratory,PUBLIC,rRT PCR,01/01/22 - 12/31/22
Region 6,Iloilo,Iloilo City,Western Visayas State University - Molecular Diagnostic Laboratory,PUBLIC,rRT PCR,01/01/22 - 12/31/22
Region 6,Negros Occidental,Bacolod City,Dr. Pablo O. Torre Memorial Hospital,PRIVATE,rRT PCR,01/01/22 - 12/31/22
Region 6,Iloilo,Municipality of Pototan,Iloilo Provincial Hospital,PUBLIC,rRT PCR,01/01/22 - 12/31/22
Region 6,Iloilo,Passi City,Philippine Red Cross Passi City Molecular Laboratory,PRIVATE,rRT PCR,01/01/22 - 12/31/22
Region 6,Negros Occidental,Municipality of Villadolid,"Safeguard DNA Diagnostics, Inc.",PRIVATE,rRT PCR,01/01/22 - 12/31/22
Region 6,Antique,Municipality of San Jose,Antique Bio-Molecular Laboratory,PUBLIC,rRT PCR,01/01/22 - 12/31/22
Region 6,Aklan,Municipality Malay,Next Gen PCR Diagnostic Laboratory,PRIVATE,rRT PCR,01/01/22 - 12/31/22
Region 6,Aklan,Municipality Malay,Next Gen PCR Diagnostic Laboratory,PRIVATE,Cartridge - Based PCR,01/01/22 - 12/31/22
Region 6,Iloilo,Iloilo City,The Medical City - Iloilo,PRIVATE,rRT PCR,12/31/22
Region 7,Cebu,Lapu Lapu City,Allegiant Regional Care Hospital,PRIVATE,rRT PCR,01/01/22 - 12/31/22
Region 7,Cebu,Lapu Lapu City,Allegiant Regional Care Hospital,PRIVATE,Cartridge - Based PCR,01/11/22 - 12/31/22
Region 7,Cebu,Cebu City,Vicente Sotto Memorial Medical Center (VSMMC),PUBLIC,rRT PCR,01/01/22 - 12/31/22
Region 7,Cebu,Lapu Lapu City,Prime Care Alpha Covid-19 Testing Laboratory,PRIVATE,rRT PCR,01/01/22 - 12/31/22
Region 7,Cebu,Mandaue City,Philippine Red Cross Cebu Molecular Laboratory,PRIVATE,rRT PCR,01/01/22 - 12/31/22
Region 7,Cebu,Mandaue City,University of Cebu Medical Center,PRIVATE,rRT PCR,01/01/22 - 12/31/22
Region 7,Cebu,Cebu City,"Cebu Doctors University Hospital, Inc.",PRIVATE,rRT PCR,01/01/22 - 12/31/22
Region 7,Bohol,Tagbilaran City,Governor Celestino Gallares Memorial Hospital,PUBLIC,rRT PCR,01/01/22 - 12/31/22
Region 7,Cebu,Cebu City,Chong Hua Hospital,PRIVATE,rRT PCR,01/01/22 - 12/31/22
Region 7,Bohol,Tagbilaran City,Bohol Containerized PCR Laboratory,PUBLIC,rRT PCR,01/01/22 - 12/31/22
Region 7,Cebu,Cebu City,Cebu TB Reference Laboratory,PUBLIC,rRT PCR,01/01/22 - 06/30/22
Region 7,Cebu,Cebu City,Cebu TB Reference Laboratory,PUBLIC,Cartridge - Based PCR,01/01/22 - 06/30/22
Region 7,Negros Oriental,Dumaguete City,Negros Oriental Provincial Hospital,PUBLIC,rRT PCR,01/01/22 - 12/31/22
Region 7,Cebu,Cebu City,"Perpetual Succour Hospital of Cebu, Inc.",PRIVATE,rRT PCR,01/01/22 - 12/31/22
Region 7,Cebu,Cebu City,"BioPath Clinical Diagnostic, Inc. - AFRIMS",PRIVATE,rRT PCR,01/01/22 - 12/31/22
Region 7,Cebu,Cebu City,"BioPath Clinical Diagnostic, Inc. - AFRIMS PCR laboratory",PRIVATE,Cartridge - Based PCR,01/01/22 - 12/31/22
Region 7,Cebu,Cebu City,RHS 7 Molecular Laboratory (PNP),PUBLIC,rRT PCR,01/01/22 - 12/31/22
Region 7,Cebu,Cebu City,"Perpetual Succour Hospital of Cebu, Inc.",PRIVATE,Cartridge - Based PCR,01/01/22 - 12/31/22
Region 7,Cebu,Cebu City,Chong Hua Hospital,PRIVATE,Cartridge - Based PCR,01/01/22 - 12/31/22
Region 7,Cebu,Cebu City,"Cebu Doctors University Hospital, Inc.",PRIVATE,Cartridge - Based PCR,01/01/22 - 12/31/22
Region 7,Cebu,Dumaguete City,"Silliman University Medical Center Foundation, Inc.",PRIVATE,Cartridge - Based PCR,01/01/22 - 12/31/22
Region 8,Leyte,Tacloban City,Divine Word Hospital Viralogy Laboratory,PRIVATE,rRT PCR,01/01/22 - 12/31/22
Region 8,Leyte,Tacloban City,Eastern Visayas Regional Covid-19 Testing Center,PUBLIC,rRT PCR,01/01/22 - 12/31/22
Region 8,Leyte,Ormoc City,OSPA - Farmers' Medical Center,PRIVATE,rRT PCR,01/01/22 - 12/31/22
Region 8,Leyte,Maasin City,Salvacion Oppus Yniguez Memorial Provincial Hospital,PUBLIC,rRT PCR,01/01/22 - 12/31/22
Region 9,Zamboanga del Sur,Zamboanga City,Zamboanga City Medical Center-Department of Agriculture Satellite Laboratory for COVID-19 Testing,PUBLIC,rRT PCR,01/01/22 - 12/31/22
Region 9,Zamboanga del Sur,Zamboanga City,Zamboanga City Medical Center,PUBLIC,Cartridge - Based PCR,01/01/22 - 12/31/22
Region 9,Zamboanga del Sur,Zamboanga City,Ciudad Medical Zamboanga,PRIVATE,rRT PCR,01/01/22 - 12/31/22
Region 9,Zamboanga del Sur,Zamboanga City,Philippine Red Cross - Molecular Biology Laboratory,PRIVATE,rRT PCR,01/01/22 - 12/31/22
Region 9,Zamboanga del Sur,Pagadian City,Zamboanga Del Sur Medical Center PCR Laboratory,PUBLIC,rRT PCR,01/01/22 - 12/31/22
Region 9,Zamboanga del Sur,Zamboanga City,West Metro Medical Center,PRIVATE,Cartridge - Based PCR,01/01/22 - 12/31/22
Region 9,Zamboanaga del Norte,Municipality of Roxas,Zamboanga del Norte Medical Center,PUBLIC,rRT PCR,01/01/22 - 12/31/22
Region 9,Zamboanaga del Norte,Dapitan City,Dr. Jose Rizal Memorial Hospital,PUBLIC,rRT PCR,01/01/22 - 12/31/22
Region 9,Zamboanga del Sur,Zamboanga City,City Government of Zamboanga Molecular Testing Center for Covid-19,PUBLIC,rRT PCR,12/31/22
Region 10,Misamis Oriental,Cagayan De Oro City,Northern Mindanao Medical Center Molecular Laboratory,PUBLIC,Cartridge - Based PCR,01/01/22 - 12/31/22
Region 10,Misamis Oriental,Cagayan De Oro City,Northern MIndanao Medical Center Satellite Covid-19 Laboratory,PUBLIC,rRT PCR,01/01/22 - 12/31/22
Region 10,Misamis Oriental,Cagayan De Oro City,"Polymedic Medical Plaza, Inc.",PRIVATE,rRT PCR,01/01/22 - 12/31/22
Region 10,Misamis Oriental,Cagayan De Oro City,Maria Reyna Xavier University Hospital,PRIVATE,rRT PCR,01/01/22 - 12/31/22
Region 10,Lanao Del Norte,Municipality of Kapatagan,Lanao Del Norte Covid-19 Testing Laboratory,PUBLIC,rRT PCR,01/01/22 - 12/31/22
Region 10,Misamis Oriental,Cagayan De Oro City,Philippine Red Cross - Cagayan De Oro,PRIVATE,rRT PCR,01/01/22 - 12/31/22
Region 10,Misamis Oriental,Cagayan De Oro City,Northern Mindanao Medical Center Molecular Laboratory,PUBLIC,rRT PCR,01/01/22 - 12/31/22
Region 10,Misamis Occidental,Ozamis City,Mayor Hilarion A. Ramiro Sr. Medical Center,PUBLIC,rRT PCR,01/01/22 - 12/31/22
Region 10,Misamis Occidental,Ozamis City,Mayor Hilarion A. Ramiro Sr. Medical Center,PUBLIC,Cartridge - Based PCR,12/31/22
Region 10,Misamis Occidental,Oroquieta City,Misamis Occidental RT-PCR Laboratory,PUBLIC,rRT PCR,01/01/22 - 12/31/22
Region 10,Lanao Del Norte,Iligan City,Gregorio T. Lluch Memorial Hospital,PUBLIC,rRT PCR,01/01/22 - 12/31/22
Region 10,Bukidnon,Malaybalay City,Bukidnon Provincial Medical Center,PUBLIC,rRT PCR,01/01/22 - 12/31/22
Region 11,Davao Del Sur,Davao City,Southern Philippines Medical Center (SPMC),PUBLIC,rRT PCR,01/01/22 - 12/31/22
Region 11,Davao Del Sur,Davao City,Davao One World Diagnostic Center Incorporated,PRIVATE,rRT PCR,01/01/22 - 12/31/22
Region 11,Davao Del Norte,Tagum City,Davao Regional Medical Center,PUBLIC,Cartridge - Based PCR,01/01/22 - 12/31/22
Region 11,Davao Del Sur,Davao City,Davao Doctors Hospital,PRIVATE,Cartridge - Based PCR,01/01/22 - 12/31/22
Region 11,Davao Del Sur,Davao City,Southern Philippines Medical Center (SPMC-SNL-MBL),PUBLIC,rRT PCR,01/01/22 - 12/31/22
Region 11,Davao Del Sur,Davao City,Davao International Airport Laboratory,PUBLIC,rRT PCR,01/01/22 - 12/31/22
Region 11,Davao Del Sur,Davao City,PRO 11 RT-PCR Molecular Laboratory,PUBLIC,rRT PCR,01/01/22 - 12/31/22
Region 11,Davao Del Norte,Tagum City,Davao Regional Medical Center,PUBLIC,rRT PCR,01/01/22 - 12/31/22
Region 11,Davao De Oro,Municipality of Montevista,Davao de Oro Provincial Hospital,PUBLIC,rRT PCR,01/01/22 - 12/31/22
Region 11,Davao Del Sur,Davao City,Vitalab Molecular Laboratory,PRIVATE,rRT PCR,01/01/22 - 12/31/22
Region 11,Davao Del Sur,Davao City,"Safeguard DNA Diagnostics, Inc.",PRIVATE,rRT PCR,01/01/22 - 12/31/22
Region 11,Davao Del Sur,Davao City,Los Amigos Davao Laboratory,PUBLIC,rRT PCR,01/01/22 - 12/31/22
Region 11,Davao De Oro,Municipality of Maco,APEX Mining CO. Inc,PRIVATE,rRT PCR,01/01/22 - 12/31/22
Region 11,Davao Del Sur,Davao City,"Brokenshire Integrated Health Ministries, INC",PRIVATE,rRT PCR,01/01/22 - 12/31/22
Region 12,Cotabato,Cotabato City,Cotabato Regional and Medical Center,PUBLIC,rRT PCR,01/01/22 - 12/31/22
Region 12,Cotabato,Cotabato City,Cotabato Regional and Medical Center,PUBLIC,Cartridge - Based PCR,01/01/22 - 12/31/22
Region 12,South Cotabato,Koronadal City,Dr. Arturo Pingoy Medical Center,PRIVATE,Cartridge - Based PCR,01/01/22 - 12/31/22
Region 12,South Cotabato,General Santos City,St. Elizabeth Hospital,PRIVATE,Cartridge - Based PCR,01/01/22 - 12/31/22
Region 12,South Cotabato,General Santos City,Dr. Jorge P. Royeca Hospital,PUBLIC,rRT PCR,01/01/22 - 12/31/22
Region 12,Sultan Kudarat,Tacurong City,St. Louis Molecular Diagnostic Laboratory,PRIVATE,rRT PCR,01/01/22 - 12/31/22
Region 12,Sultan Kudarat,Tacurong City,Tomboc-Salayog Hospital,PRIVATE,rRT PCR,01/01/22 - 12/31/22
Region 12,Cotabato,Municipality of M'lang,Mlang District Hospital,PUBLIC,rRT PCR,01/01/22 - 12/31/22
Region 12,North Cotabato,Kidapawan City,Kidapawan City Molecular Laboratory,PUBLIC,rRT PCR,12/31/22
Region 12,North Cotabato,Kidapawan City,Excellab Diagnostic Center,PRIVATE,rRT PCR,12/31/22
CARAGA,Agusan Del Norte,Butuan City,Butuan Medical Center,PUBLIC,Cartridge - Based PCR,01/01/22 - 12/31/22
CARAGA,Agusan Del Norte,Butuan City,Butuan Medical Center,PUBLIC,rRT PCR,01/01/22 - 12/31/22
CARAGA,Agusan Del Norte,Butuan City,Manuel J. Santos Hospital,PRIVATE,Cartridge - Based PCR,01/01/22 - 12/31/22
CARAGA,Surigao Del Norte,Surigao City,CARAGA Regional Hospital,PUBLIC,Cartridge - Based PCR,01/01/22 - 12/31/22
CARAGA,Surigao Del Norte,Surigao City,Philippine Red Cross Molecular Laboratory,PRIVATE,rRT PCR,01/01/22 - 12/31/22
CARAGA,Agusan Del Sur,Municipality of Prosperidad,Democrito O. Plaza Memorial Hospital,PUBLIC,rRT PCR,01/01/22 - 12/31/22
CARAGA,Surigao Del Sur,Tandag City,Adela Serra TY Memorial Center,PUBLIC,rRT PCR,01/01/22 - 12/31/22
CAR,Benguet,Baguio City,Baguio General Hospital Medical Center (BGHMC),PUBLIC,rRT PCR,01/01/22 - 12/31/22
CAR,Benguet,Baguio City,Parkway Medical and Diagnostic Center,PRIVATE,rRT PCR,01/01/22 - 12/31/22
CAR,Mountain Province,Municipality of Bauko,Luis Hora Memorial Regional Hospital,PUBLIC,rRT PCR,01/01/22 - 12/31/22
CAR,Benguet,Municipality of La Trinidad,Benguet General Hospital,PUBLIC,rRT PCR,01/01/22 - 12/31/22
CAR,Calinga,Tabuk City,Tabuk City Covid-19 RT-PCR Testing Laboratory,PUBLIC,rRT PCR,01/01/22 - 12/31/22
CAR,Benguet,Baguio City,Notre Dame De Chartres Hospital,PRIVATE,rRT PCR,12/31/22
BARMM,Lanao Del Sur,Marawi City,Amai Pakpak Medical Center,PUBLIC,rRT PCR,01/01/22 - 12/31/22
BARMM,Lanao Del Sur,Marawi City,Amai Pakpak Medical Center,PUBLIC,Cartridge - Based PCR,01/01/22 - 12/31/22
BARMM,Maguindanao,Cotabato City,Philippine Red Cross Cotabato City - Maguindanao Molecular Laboratory,PRIVATE,rRT PCR,01/01/22 - 12/31/22
BARMM,Maguindanao,Municipality of Ampatuan,Maguindanao Provincial Hospital,PUBLIC,rRT PCR,12/31/22